feature,importance
jobType,0.44616555158062127
yearsExperience,0.1868693681924976
milesFromMetropolis,0.12939258594367953
industry,0.11655694912443937
major,0.09034735603759474
degree,0.030597378411624018
companyId,7.081070954355139e-05
